,UserScreenName,UserName,Timestamp,Text,Embedded_text,Emojis,Comments,Likes,Retweets,Image link,Tweet URL
0,La Product Conf & LPCx EspaÃ±a,@LaProductConfES,2022-06-14T16:18:58.000Z,"La Product Conf & LPCx EspaÃ±a
@LaProductConfES
Â·
14 jun.","AquÃ­ estamos  a punto de comenzar #LPCxMAD con 
@MercadonaTech
 en 
@TheBridge_Tech
Ga-na-zas!! 
1
1
4",ğŸ˜Š ğŸ™Œ,1,1,4,['https://pbs.twimg.com/media/FVOdWusWQAEu5sz?format=jpg&name=small'],https://twitter.com/LaProductConfES/status/1536745017036918793
1,Heavy Mental,@HeavyMental_es,2022-06-13T11:33:09.000Z,"Heavy Mental
@HeavyMental_es
Â·
13 jun.","Lo prometimos y han llegado gracias a 
@TheBridge_Tech
 ... Ãºltimas entradas para el podcast 27 en directo :D

cc 
@Atorrerus
 @Mulder01198676
 @joansabater
 @PesetJairo
 @pelayoarbues
 @adriskou
 @estodopornada
The Bridge
@TheBridge_Tech
Â·
13 jun.
Â¡Ãšltimasentradas! El lunes 27 de junio acogeremos la grabaciÃ³n de ""El sentido de la vida ya no es 42"" un episodio del podcast de @HeavyMental_es, donde presentarÃ¡n ""El pequeÃ±o libro de la filosofÃ­a estoica"" de @Alienta Si quieres asistir como pÃºblicohttps://bit.ly/3xoiW1g
4
2
6",ğŸ‘‰,4,2,6,['https://pbs.twimg.com/profile_images/1546415533909737474/UgLpusY5_mini.jpg'],https://twitter.com/HeavyMental_es/status/1536310702876549123
2,Javi PÃ©rez Learning by doing.,@JaviMostoles,2022-06-13T11:42:21.000Z,"Javi PÃ©rez Learning by doing.
@JaviMostoles
Â·
13 jun.","Lo conseguÃ­!!! Gracias 
@TheBridge_Tech
  @HeavyMental_es
The Bridge
@TheBridge_Tech
Â·
13 jun.
Â¡Ãšltimasentradas! El lunes 27 de junio acogeremos la grabaciÃ³n de ""El sentido de la vida ya no es 42"" un episodio del podcast de @HeavyMental_es, donde presentarÃ¡n ""El pequeÃ±o libro de la filosofÃ­a estoica"" de @Alienta Si quieres asistir como pÃºblicohttps://bit.ly/3xoiW1g
1",âš¡ ğŸ˜ ğŸ¦¾ ğŸ’» ğŸ“š ğŸš€ ğŸ‘‰,,,1,['https://pbs.twimg.com/profile_images/1546415533909737474/UgLpusY5_mini.jpg'],https://twitter.com/JaviMostoles/status/1536313018321190912
3,VLCTechHub,@VLCTechHub,2022-06-15T07:00:34.000Z,"VLCTechHub
@VLCTechHub
Â·
15 jun.","Hoy 
@TheBridge_Tech
 a las 18:00: Taller Data Science Valencia: Mi primera aplicaciÃ³n de web de IA https://vlctechhub.org/events/taller-data-science-valencia-mi-primera-aplicacion-de-web-de-ia-6298f56ecb78â€¦
1
1",,,1,1,[],https://twitter.com/VLCTechHub/status/1536966880866586626
4,Mulder,@Mulder01198676,2022-06-13T15:10:50.000Z,"Mulder
@Mulder01198676
Â·
13 jun.","Respondiendo a 
@HeavyMental_es
 @TheBridge_Tech
 y 6 mÃ¡s
EstÃ¡n cotizadÃ­simas!... las entradas  
@HeavyMental_es
 son el Dogecoin del universo podcasting. #Tothemoooooon
GIF
ALT
2",,,,2,['https://pbs.twimg.com/tweet_video_thumb/FVJEQkXXwAI8J_A.jpg'],https://twitter.com/Mulder01198676/status/1536365482680401921
5,The Bridge,@TheBridge_Tech,2022-06-13T11:31:04.000Z,"The Bridge
@TheBridge_Tech
Â·
13 jun.","Â¡Ãšltimasentradas! El lunes 27 de junio acogeremos la grabaciÃ³n de ""El sentido de la vida ya no es 42"" un episodio del podcast de 
@HeavyMental_es
, donde presentarÃ¡n ""El pequeÃ±o libro de la filosofÃ­a estoica"" de 
@Alienta
 Si quieres asistir como pÃºblicohttps://bit.ly/3xoiW1g
Heavy Mental
@HeavyMental_es
Â·
11 jun.
27/7 - 7:30PM - PODCAST PRESENCIAL
MADRID, @TheBridge_Tech (Recoletos,15)
SÃ“LO  ENTRADAS

 ""EL SENTIDO DE LA VIDA YA NO ES 42""

 https://eventbrite.es/e/entradas-el-sentido-de-la-vida-ya-no-es-42-podcast-en-directo-by-heavy-mental-353691710427â€¦

Invitado: @GuillermoDeHaro con @Recuenco ha escrito ""El pequeÃ±o libro de la filosofÃ­a estoica"" de @alienta
Mostrar este hilo
6
4
4",ğŸ‘‰ ğŸš¨ ğŸ™ ğŸ“Œ ğŸ” ğŸ† ğŸ” ğŸ”—,6,4,4,['https://pbs.twimg.com/profile_images/1391818657714606085/z8oVx3-c_mini.jpg'],https://twitter.com/TheBridge_Tech/status/1536310176801857538
6,The Bridge,@TheBridge_Tech,2022-06-14T14:01:48.000Z,"The Bridge
@TheBridge_Tech
Â·
14 jun.","Â¡Lanzamos las becas 
@viewnext
 para estudiar #Cloud & #DevOps ! Si quieres formarte en una profesiÃ³n con futuro y alta demanda, infÃ³rmate sobre las becas para estudiar un #bootcamp en 
@TheBridge_Tech
  Solicita la tuya  https://bit.ly/3Qjf622
1",â˜ ğŸ™Œ â¡,,,1,['https://pbs.twimg.com/media/FVN-DYaWIAEg3Wq?format=jpg&name=small'],https://twitter.com/TheBridge_Tech/status/1536710498712006660
7,Sergio Berbis,@Sergio_Berbis,2022-06-13T08:42:06.000Z,"Sergio Berbis
@Sergio_Berbis
Â·
13 jun.","Respondiendo a 
@HeavyMental_es
 @PesetJairo
 y 4 mÃ¡s
Inocente de mi, que lo daba por hecho...
2",,,,2,[],https://twitter.com/Sergio_Berbis/status/1536267654717132801
8,Pablo J. Contreras.,@pcontrer,2022-06-13T11:34:19.000Z,"Pablo J. Contreras.
@pcontrer
Â·
13 jun.","En respuesta a 
@TheBridge_Tech
 @HeavyMental_es
 y 
@Alienta
Â¡La tengo!
2",,,,2,[],https://twitter.com/pcontrer/status/1536310998319210496
9,Jairo P,@PesetJairo,2022-06-13T12:18:02.000Z,"Jairo P
@PesetJairo
Â·
13 jun.","Respondiendo a 
@HeavyMental_es
 @TheBridge_Tech
 y 6 mÃ¡s
Gracias por intentarlo pero las seÃ±ales me dicen que no debÃ­a estar (mala suerte que trabajando 3h sueltas los lunes me haya pillado trabajando xdd). Me tocarÃ¡ esperarme a la ediciÃ³n de Valencia ",ğŸ”¥ ğŸ¤˜ ğŸ˜‰,,,,[],https://twitter.com/PesetJairo/status/1536321996367224838
10,Bill Murphy,@wmurphy,2022-06-13T11:38:00.000Z,"Bill Murphy
@wmurphy
Â·
13 jun.","En respuesta a 
@TheBridge_Tech
 @HeavyMental_es
 y 
@Alienta
Â¡Y yo! Que buena forma de empezar la semana.
1",,,,1,[],https://twitter.com/wmurphy/status/1536311923423203331
11,Nacho CG,@na5ho,2022-06-13T19:16:51.000Z,"Nacho CG
@na5ho
Â·
13 jun.","Respondiendo a 
@HeavyMental_es
 @TheBridge_Tech
 y 7 mÃ¡s
No ha podido ser, otra vez serÃ¡.  Gracias en cualquier caso por la iniciativa 
2",ğŸ˜‰,,,2,[],https://twitter.com/na5ho/status/1536427396437577728
12,Startup Valencia,@Startup_VLC,2022-06-21T08:35:00.000Z,"Startup Valencia
@Startup_VLC
Â·
21 jun.","Â¿Quieres aprender sobre #ciberseguridad? 

La aceleradora de #talento digital 
@TheBridge_Tech
 organiza esta tarde un taller en #Valencia en el que aprenderÃ¡s a utilizar algunas herramientas bÃ¡sicas de la mano de los mejores profesores 

Â¡RegÃ­strate!  http://bit.ly/3b8LXGI
4",ğŸ‘¥ âœ,,,4,['https://pbs.twimg.com/media/FVtfdDgWYAEhhdE?format=jpg&name=small'],https://twitter.com/Startup_VLC/status/1539164971765989378
13,Mulder,@Mulder01198676,2022-06-22T11:07:02.000Z,"Mulder
@Mulder01198676
Â·
22 jun.","Respondiendo a 
@HeavyMental_es
 @TheBridge_Tech
 y 3 mÃ¡s
Â¡Â¡Â¡Que poco queda ya para el evento!!! 
@_miki
 te pillo en ""La Coru"" y nos hacemos un blablacar? podrÃ­a salir un podcast dpm de ahÃ­ .
GIF
ALT
3",ğŸ˜‚,,,3,['https://pbs.twimg.com/tweet_video_thumb/FV2ixFaXoAEoowp.jpg'],https://twitter.com/Mulder01198676/status/1539565619728814082
14,danilo huertas,@danilohuertas_h,2022-06-21T16:14:58.000Z,"danilo huertas
@danilohuertas_h
Â·
21 jun.","Respondiendo a 
@TheBridge_Tech
 @LORIOTio
 y 3 mÃ¡s
Buenas, disculpad, se estÃ¡ emitiendo ya la charla sobre GOOGLE ADS desde cero??

No puedo acceder desde ZOOM",,,,,[],https://twitter.com/danilohuertas_h/status/1539280728978071553
15,The Bridge,@TheBridge_Tech,2022-06-20T13:52:04.000Z,"The Bridge
@TheBridge_Tech
Â·
20 jun.","Â¡Llega la 1Âª #TechTalks en #Valencia! Un encuentro con 
@LORIOTio
 @sesamehr_
 y 
@feending
 en el que nos contarÃ¡n su visiÃ³n de negocio ligada a la tecnologÃ­a y debatiremos sobre la importancia de perfiles digitales Â¡Saca ya tu entrada!
@uchceu
eventbrite.es
Tech Talks Valencia: InnovaciÃ³n y digitalizaciÃ³n en el sector empresarial
Las mejores empresas del sector tech de Valencia a tu alcance
1
1",ğŸ™Œ ğŸŸ ğŸ‘‡,1,,1,['https://pbs.twimg.com/card_img/1578327248817504258/2HwFMDS1?format=jpg&name=small'],https://twitter.com/TheBridge_Tech/status/1538882376138477569
16,The Bridge,@TheBridge_Tech,2022-06-22T10:08:28.000Z,"The Bridge
@TheBridge_Tech
Â·
22 jun.","MiÃ©rcoles 6 de julio, 18h evento con 
@GoogleES
 donde hablaremos de #CloudComputing las nuevas herramientas como #kubernetes #Serverless #CI #CD y los perfiles que actualmente necesitan las empresas #devops #cloud 

Saca ya tus entradas
eventbrite.es
Un paseo por la nube con Google
AcÃ©rcate al mundo Cloud con Google",ğŸ“¢ â˜ ğŸŸ ğŸ‘‡,,,,['https://pbs.twimg.com/card_img/1578327248851042307/B52wpt3V?format=jpg&name=small'],https://twitter.com/TheBridge_Tech/status/1539550883331166213
17,Miguel barros guerra,@Bombabarros,2022-06-27T03:46:59.000Z,"Miguel barros guerra
@Bombabarros
Â·
27 jun.","Respondiendo a 
@HeavyMental_es
 @TheBridge_Tech
 y 3 mÃ¡s
El plan // La ejecuciÃ³n
1
3
4",,1,3,4,"['https://pbs.twimg.com/media/FWOt_RpXoAA7ZLU?format=jpg&name=360x360', 'https://pbs.twimg.com/media/FWOt_wJWQAAvO6v?format=jpg&name=small']",https://twitter.com/Bombabarros/status/1541266817624203264
18,Gonzalo OsÃ©s,@designetworking,2022-06-27T18:49:06.000Z,"Gonzalo OsÃ©s
@designetworking
Â·
27 jun.","Primera micro clase de un profe de 
@TheBridge_Tech
 a los 
@HeavyMental_es
 & 
@GuillermoDeHaro
3",,,,3,['https://pbs.twimg.com/media/FWR8eeRXEAAgKdG?format=jpg&name=small'],https://twitter.com/designetworking/status/1541493843316580354
19,diegodl,@diegodl,2022-06-27T17:45:38.000Z,"diegodl
@diegodl
Â·
27 jun.","Hoy tenemos invitados en 
@TheBridge_Tech
. Los chicos de 
@HeavyMental_es
 y 
@GuillermoDeHaro
  hablando sobre el sentido de la vida, o algo
2",,,,2,['https://pbs.twimg.com/media/FWRt8-YXkAAk3fI?format=jpg&name=small'],https://twitter.com/diegodl/status/1541477869620281345
20,Gonzalo OsÃ©s,@designetworking,2022-06-27T23:23:58.000Z,"Gonzalo OsÃ©s
@designetworking
Â·
28 jun.","Gracias 
@HeavyMental_es
 por la elocuencia de 
@Recuenco
, la disciplina de 
@DavidAlayon
, y la perfecta felicidad de 
@_miki
 para crear el Ã¡gora en 
@TheBridge_Tech
: 
@GuillermoDeHaro
 @jatorrero
 @PedroAeriaa
 @mevasjimenez
 @joobid
 @marianosarmient
 @fyustas1
 @_sergiosanjuan
 y otros 42
10",ğŸ‘,,,10,['https://pbs.twimg.com/media/FWS7ZRaWAAU-X6b?format=jpg&name=small'],https://twitter.com/designetworking/status/1541563017241976835
21,Carlos Gonzalez,@CarlosLGonzalez,2022-06-26T13:53:42.000Z,"Carlos Gonzalez
@CarlosLGonzalez
Â·
26 jun.","En respuesta a 
@HeavyMental_es
 y 
@TheBridge_Tech
No va en directo por ninguna plataforma!!???
1
1",,1,,1,[],https://twitter.com/CarlosLGonzalez/status/1541057117045530626
22,Heavy Mental,@HeavyMental_es,2022-06-27T23:05:58.000Z,"Heavy Mental
@HeavyMental_es
Â·
28 jun.","Respondiendo a 
@Bombabarros
 @Mulder01198676
 y 6 mÃ¡s
Gracias por venir y buen viaje de vueltaâ€¦ eres top!!
3",,,,3,[],https://twitter.com/HeavyMental_es/status/1541558488001822725
23,Juan Antonio Torrero,@jatorrero,2022-06-27T09:08:21.000Z,"Juan Antonio Torrero
@jatorrero
Â·
27 jun.","En respuesta a 
@HeavyMental_es
 y 
@TheBridge_Tech
Si al final el ""de pedir"" funciona
GIF
ALT
1",,,,1,['https://pbs.twimg.com/tweet_video_thumb/FWP3jhDXoAAb5cP.jpg'],https://twitter.com/jatorrero/status/1541347694802882567
24,Roberto Ballester,@Roberballester,2022-06-27T15:50:47.000Z,"Roberto Ballester
@Roberballester
Â·
27 jun.","En respuesta a 
@TheBridge_Tech
 @HeavyMental_es
 y 
@Alienta
Casi! Justo estaba rellenando datos 
1",ğŸ¤£,,,1,[],https://twitter.com/Roberballester/status/1541448970123223040
25,Heavy Mental,@HeavyMental_es,2022-06-27T12:51:00.000Z,"Heavy Mental
@HeavyMental_es
Â·
27 jun.","Respondiendo a 
@joobid
 @TheBridge_Tech
 y 2 mÃ¡s
Si claro, Miki no tiene otra cosa que hacer
1
1",,1,,1,[],https://twitter.com/HeavyMental_es/status/1541403726182858753
26,Javier G. Recuenco,@Recuenco,2022-06-27T12:50:38.000Z,"Javier G. Recuenco
@Recuenco
Â·
27 jun.","Respondiendo a 
@joobid
 @HeavyMental_es
 y 2 mÃ¡s
DÃ©jalo cortocircuitado en Always on.
1",,,,1,[],https://twitter.com/Recuenco/status/1541403632104620033
27,Jorge OrdovÃ¡s,@joobid,2022-06-27T12:51:58.000Z,"Jorge OrdovÃ¡s
@joobid
Â·
27 jun.","Respondiendo a 
@HeavyMental_es
 @TheBridge_Tech
 y 2 mÃ¡s
Cada vez que pulsas la frase es distinta, no hace falta ni editar luego...
1",,,,1,[],https://twitter.com/joobid/status/1541403967581831169
28,Gonzalo OsÃ©s,@designetworking,2022-06-27T18:59:33.000Z,"Gonzalo OsÃ©s
@designetworking
Â·
27 jun.","Respondiendo a 
@joobid
 @GuillermoDeHaro
 y 3 mÃ¡s
InspiraciÃ³n para innovar. La clave no es quien inventa, si no, quiÃ©n traduce a la masa citando a quien inventa.
1",,,,1,[],https://twitter.com/designetworking/status/1541496472541315073
29,Mulder,@Mulder01198676,2022-06-26T13:19:57.000Z,"Mulder
@Mulder01198676
Â·
26 jun.","En respuesta a 
@HeavyMental_es
 y 
@TheBridge_Tech
GIF
ALT
1",,,,1,['https://pbs.twimg.com/tweet_video_thumb/FWLnjN4XkAAZSAC.jpg'],https://twitter.com/Mulder01198676/status/1541048623261171718
30,Heavy Mental,@HeavyMental_es,2022-06-27T15:35:47.000Z,"Heavy Mental
@HeavyMental_es
Â·
27 jun.","Respondiendo a 
@vmcasamayor
 @TheBridge_Tech
 y 2 mÃ¡s
 @TheBridge_Tech
1",ğŸ™„,,,1,[],https://twitter.com/HeavyMental_es/status/1541445192925978625
31,The Bridge,@TheBridge_Tech,2022-06-28T07:03:36.000Z,"The Bridge
@TheBridge_Tech
Â·
28 jun.","Gracias 
@HeavyMental_es
 por la tarde de ayer y a todos los asistentes Â¡Ã‰xito absoluto! 
Heavy Mental
@HeavyMental_es
Â·
28 jun.
Graciassss a todos 

Nos vemos 9/julio en el directo final de temporada en Twitch (avisaremos por aquÃ­) y a partir de septiembre con mÃ¡s HEAVY, pero sobre todo con mucho MENTAL.
4
22",ğŸ™ ğŸ‘ ğŸ˜,,4,22,"['https://pbs.twimg.com/profile_images/1391818657714606085/z8oVx3-c_mini.jpg', 'https://pbs.twimg.com/media/FWUTyrlWIAEAX4O?format=jpg&name=small']",https://twitter.com/TheBridge_Tech/status/1541678686751133698
32,Heavy Mental,@HeavyMental_es,2022-06-29T18:00:06.000Z,"Heavy Mental
@HeavyMental_es
Â·
29 jun.","El sentido de la vida ya no es 42 -- Light Mental ediciÃ³n especial 
@TheBridge_Tech
Heavy Mental
@HeavyMental_es
El sentido de la vida ya no es 42 -- Light Mental ediciÃ³n especial @TheBridge_Tech
2
6
22",,2,6,22,"['https://pbs.twimg.com/card_img/1578346480003342336/rVIcDPaW?format=jpg&name=orig', 'https://pbs.twimg.com/profile_images/1391818657714606085/z8oVx3-c_mini.jpg']",https://twitter.com/HeavyMental_es/status/1542206287915585536
33,Berta Otero,@bertinha84,2022-07-01T07:55:46.000Z,"Berta Otero
@bertinha84
Â·
1 jul.","Adeus rÃ­os, adeus fontes...TerriÃ±a, volvo pronto. Madrid allÃ¡ voy! Ya se ve cerca el final del bootcamp y voy a terminarlo de forma presencial. Un mes, un Ãºltimo empujÃ³n. 
@TheBridge_Tech
1
1
5",,1,1,5,[],https://twitter.com/bertinha84/status/1542778977718341632
34,Javier Polaris,@JavierPolaris,2022-06-29T18:09:38.000Z,"Javier Polaris
@JavierPolaris
Â·
29 jun.","No todo va a ser trabajar!! Equipo UCuber #TheBridge 
@TheBridge_Tech
  #FullStack #javascript30",,,,,['https://pbs.twimg.com/media/FWcGoKeX0AguDJt?format=jpg&name=small'],https://twitter.com/JavierPolaris/status/1542208686881390592
35,Startup Valencia,@Startup_VLC,2022-07-01T15:09:00.000Z,"Startup Valencia
@Startup_VLC
Â·
1 jul.","Atitlan liderarÃ¡ la ronda de financiaciÃ³n de 5 millones de euros de la escuela 
@TheBridge_Tech
 

La empresa de formaciÃ³n de #talento ha irrumpido en el sector de la educaciÃ³n poniendo el foco en la #digitalizaciÃ³n y las nuevas tecnologÃ­as 
economia3.com
El yerno de Juan Roig invierte en el sector educativo con The Bridge
La inversora del yerno de Juan Roig liderarÃ¡ la ronda de financiaciÃ³n de 5 millones de euros que ha obtenido The Bridge.
4",ğŸ’° ğŸ“š,,,4,['https://pbs.twimg.com/card_img/1578340831840419840/Pn_LIFPk?format=jpg&name=small'],https://twitter.com/Startup_VLC/status/1542888003965689858
36,Mulder,@Mulder01198676,2022-06-28T12:50:15.000Z,"Mulder
@Mulder01198676
Â·
28 jun.","Respondiendo a 
@moquintana
 @GuillermoDeHaro
 y 5 mÃ¡s
Por supuesto! 
4",ğŸ˜‰,,,4,[],https://twitter.com/Mulder01198676/status/1541765922775498756
37,Mulder,@Mulder01198676,2022-06-28T13:08:09.000Z,"Mulder
@Mulder01198676
Â·
28 jun.","Respondiendo a 
@moquintana
 @GuillermoDeHaro
 y 5 mÃ¡s
Ups!!! Lo siento 
@moquintana
 en nada estas haciendo nuevas excursiones por la jungla! 
1
5",ğŸ˜ƒ,1,,5,[],https://twitter.com/Mulder01198676/status/1541770429097975815
38,COITCV/AVIT,@COITCV,2022-06-30T07:51:21.000Z,"COITCV/AVIT
@COITCV
Â·
30 jun."," Gracias al convenio firmado con 
@TheBridge_Tech
 trabajaremos de forma conjunta en la realizaciÃ³n de cursos, jornadas, actividades formativas, foros de discusiÃ³n y asesoramiento mutuo en las acciones desarrolladas por ambas entidades. 

https://coitcv.org/2022/06/29/the-bridge-firma-un-convenio-de-colaboracion-con-coitcv-avit/â€¦
1",ğŸ¤,,,1,[],https://twitter.com/COITCV/status/1542415478618050560
39,Carlos M. Diaz,@carlosmdh,2022-06-29T19:16:03.000Z,"Carlos M. Diaz
@carlosmdh
Â·
29 jun.","Respondiendo a 
@HeavyMental_es
 @UbaldoHervas
 y 5 mÃ¡s
Te me tienes que cuidar ehhhh

y por cierto, colleja por venir a Madrid, hacer un podcast en directo y no avisarme

Capullo!!!
1
4",ğŸ¤£ ğŸ¤£ ğŸ¤£ ğŸ¤£,1,,4,[],https://twitter.com/carlosmdh/status/1542225403242332161
40,Antonio MuÃ±iz,@Antonio_Muniz_C,2022-06-28T17:07:39.000Z,"Antonio MuÃ±iz
@Antonio_Muniz_C
Â·
28 jun.","Respondiendo a 
@GuillermoDeHaro
 @Mulder01198676
 y 5 mÃ¡s
Jajajaja lo voy a buscar solo para darle laik, errete y suscribirme. 

Puto genio Mulder
3",,,,3,[],https://twitter.com/Antonio_Muniz_C/status/1541830701863034880
41,Amalio A. Rey,@arey,2022-06-28T06:51:45.000Z,"Amalio A. Rey
@arey
Â·
28 jun.","En respuesta a 
@Recuenco
Que guay, supervisora de lujo y buen sitio. Saludos a los amigos de 
@TheBridge_Tech
 @nodosenlared
1
3",,,1,3,[],https://twitter.com/arey/status/1541675702487072768
42,Love is my message,@k4rliky,2022-06-28T11:01:38.000Z,"Love is my message
@k4rliky
Â·
28 jun.","Respondiendo a 
@HeavyMental_es
 @DavidAlayon
 y 4 mÃ¡s
Recuenco haciendo Break dance, lo prÃ³ximo beatbox
5",,,,5,[],https://twitter.com/k4rliky/status/1541738588190216198
43,didacjo,@didacjo1,2022-06-28T13:37:58.000Z,"didacjo
@didacjo1
Â·
28 jun.","Respondiendo a 
@HeavyMental_es
 @DavidAlayon
 y 4 mÃ¡s
No os olvidÃ©is de cargar bien la pala que llega la recesiÃ³n
GIF
ALT
2",,,,2,[],https://twitter.com/didacjo1/status/1541777929968967683
44,FarmaInquieto,@FarmaInquieto,2022-06-28T10:47:39.000Z,"FarmaInquieto
@FarmaInquieto
Â·
28 jun.","Respondiendo a 
@PauMugarra
 @HeavyMental_es
 y 5 mÃ¡s
Nunca dejarÃ¡ de ser el Enfant terrible
2",,,,2,[],https://twitter.com/FarmaInquieto/status/1541735069995376640
45,Emprenemjunts,@emprenemjunts,2022-07-02T07:30:07.000Z,"Emprenemjunts
@emprenemjunts
Â·
2 jul."," @ceeivalencia
 y 
@TheBridge_Tech
, primera aceleradora de talento digital, firman un convenio de colaboraciÃ³n: http://ow.ly/54Up50JM4eM

 Complementar la formaciÃ³n tÃ©cnica del nuevo talento, entre sus principales objetivos.
ceeivalencia.emprenemjunts.es
CEEI Valencia y The Bridge, primera aceleradora de talento digital, firman un convenio de colabor...
Complementar la formaciÃ³n tÃ©cnica del nuevo talento, entre sus principales objetivos Ceei Valencia y The Bridge, empresa de formaciÃ³n de talento y competencias digitales, han firmado un acuerdo marco...
2",ğŸ¯,,,2,['https://pbs.twimg.com/card_img/1577897650615091200/6cqgTHTh?format=jpg&name=small'],https://twitter.com/emprenemjunts/status/1543134908935200769
46,Pau Mugarra,@PauMugarra,2022-06-28T06:48:31.000Z,"Pau Mugarra
@PauMugarra
Â·
28 jun.","Respondiendo a 
@HeavyMental_es
 @DavidAlayon
 y 4 mÃ¡s
QuÃ© le pasa a Javier en la foto? Esa pose no es normal 
3
2",ğŸ™ˆ,3,,2,[],https://twitter.com/PauMugarra/status/1541674892390719490
47,MÃ³nica Quintana,@moquintana,2022-06-28T13:07:02.000Z,"MÃ³nica Quintana
@moquintana
Â·
28 jun.","Respondiendo a 
@Mulder01198676
 @GuillermoDeHaro
 y 5 mÃ¡s
Poca broma con lo de romperse las piernas. Â¡Ains!
1
4",,1,,4,[],https://twitter.com/moquintana/status/1541770149031809024
48,Carlos M. Diaz,@carlosmdh,2022-06-29T19:10:52.000Z,"Carlos M. Diaz
@carlosmdh
Â·
29 jun.","Respondiendo a 
@HeavyMental_es
 @UbaldoHervas
 y 5 mÃ¡s
El segundo por la derecha de la primera fila es mikki?
1
3",,1,,3,[],https://twitter.com/carlosmdh/status/1542224097089822726
49,Sergio Berbis,@Sergio_Berbis,2022-06-28T19:02:45.000Z,"Sergio Berbis
@Sergio_Berbis
Â·
28 jun.","Respondiendo a 
@fernandojsg
 @HeavyMental_es
 y 5 mÃ¡s
Y queremos.
3",,,,3,[],https://twitter.com/Sergio_Berbis/status/1541859665570664448
50,"Eioua, o aprendiz",@Eioua_aprendiz,2022-07-01T17:52:23.000Z,"Eioua, o aprendiz
@Eioua_aprendiz
Â·
1 jul.","En respuesta a 
@HeavyMental_es
 y 
@TheBridge_Tech
Por favor, a ver si podeis empezar a mejorar el sonido. Muchas veces el primer paso es mÃ¡s de la mitad del camino",,,,,[],https://twitter.com/Eioua_aprendiz/status/1542929123546464261
51,MÃ³nica Quintana,@moquintana,2022-06-28T13:09:30.000Z,"MÃ³nica Quintana
@moquintana
Â·
28 jun.","Respondiendo a 
@GuillermoDeHaro
 @Mulder01198676
 y 5 mÃ¡s
Siempre se puede firmar el pollo en lugar de la pata. Ya tÃº sabeh
2",,,,2,[],https://twitter.com/moquintana/status/1541770768123658243
52,MÃ³nica Quintana,@moquintana,2022-06-28T13:08:58.000Z,"MÃ³nica Quintana
@moquintana
Â·
28 jun.","Respondiendo a 
@Mulder01198676
 @GuillermoDeHaro
 y 5 mÃ¡s
Jajaja, eso espero, sÃ­
2",,,,2,[],https://twitter.com/moquintana/status/1541770632991764480
53,carlosmcabo,@carlosmcabo,2022-06-29T20:07:27.000Z,"carlosmcabo
@carlosmcabo
Â·
29 jun.","En respuesta a 
@HeavyMental_es
 y 
@TheBridge_Tech
Buscando el pollo 
1",ğŸ£,,,1,[],https://twitter.com/carlosmcabo/status/1542238336894603265
54,Javier G. Recuenco,@Recuenco,2022-06-28T06:55:17.000Z,"Javier G. Recuenco
@Recuenco
Â·
28 jun.","Respondiendo a 
@PauMugarra
 @HeavyMental_es
 y 4 mÃ¡s
Que intentaba no tapar a nadie de detrÃ¡s.
2
1",,2,,1,[],https://twitter.com/Recuenco/status/1541676593323573249
55,Jorge OrdovÃ¡s,@joobid,2022-06-28T16:14:57.000Z,"Jorge OrdovÃ¡s
@joobid
Â·
28 jun.","En respuesta a 
@didacjo1
 @_miki
 y 
@samuelgil
He de decir que luego pusieron cervezas, pero porque se estiraron los de 
@TheBridge_Tech
... para el prÃ³ximo evento 
@HeavyMental_es
 lo del currasco tiene que estar sÃ­ o sÃ­
GIF
ALT
2",,,,2,['https://pbs.twimg.com/tweet_video_thumb/FWWiyTqWYAA0iGK.jpg'],https://twitter.com/joobid/status/1541817440207884288
56,diegodl,@diegodl,2022-06-30T10:04:09.000Z,"diegodl
@diegodl
Â·
30 jun.","En respuesta a 
@NadaQueGanarPod
Estais invitados desde ya a hacer el primero de la prÃ³xima en 
@TheBridge_Tech
 y no se que lios os traeis con 
@_miki
 pero si quereis combo hay hueco
1",,,,1,[],https://twitter.com/diegodl/status/1542448899645968384
57,The Bridge,@TheBridge_Tech,2022-07-01T09:54:59.000Z,"The Bridge
@TheBridge_Tech
Â·
1 jul.","En respuesta a 
@bertinha84
Â¡Vamos 
@bertinha84
 Ã¡nimo! Te esperamos con los brazos abiertos
1",ğŸ¤—,,,1,[],https://twitter.com/TheBridge_Tech/status/1542808979293847554
58,The Bridge,@TheBridge_Tech,2022-06-30T08:32:34.000Z,"The Bridge
@TheBridge_Tech
Â·
30 jun.","Respondiendo a 
@LORIOTio
 @dariodotzero
 y 2 mÃ¡s
Thank you! It was a pleasure and a very interesting talk about innovation and business
1",ğŸ¤—,,,1,[],https://twitter.com/TheBridge_Tech/status/1542425851899281408
59,Miki ãƒ„,@_miki,2022-06-29T19:16:35.000Z,"Miki ãƒ„
@_miki
Â·
29 jun.","Respondiendo a 
@carlosmdh
 @HeavyMental_es
 y 5 mÃ¡s
GIF
ALT
3",,,,3,[],https://twitter.com/_miki/status/1542225533546762243
60,Heavy Mental,@HeavyMental_es,2022-06-28T07:50:34.000Z,"Heavy Mental
@HeavyMental_es
Â·
28 jun.","Respondiendo a 
@Mulder01198676
 @PauMugarra
 y 5 mÃ¡s
SÃ­ a todo
1
1",,1,,1,[],https://twitter.com/HeavyMental_es/status/1541690507600056320
61,Jorge OrdovÃ¡s,@joobid,2022-06-28T08:43:08.000Z,"Jorge OrdovÃ¡s
@joobid
Â·
28 jun.","Respondiendo a 
@HeavyMental_es
 @DavidAlayon
 y 4 mÃ¡s
Recuenco pose
12",,,,12,['https://pbs.twimg.com/media/FWU7UVEWAAQaTd3?format=jpg&name=small'],https://twitter.com/joobid/status/1541703736749424641
62,Heavy Mental,@HeavyMental_es,2022-06-29T19:12:24.000Z,"Heavy Mental
@HeavyMental_es
Â·
29 jun.","Respondiendo a 
@carlosmdh
 @UbaldoHervas
 y 5 mÃ¡s
Yes!! ;) ;)
1
3",,1,,3,[],https://twitter.com/HeavyMental_es/status/1542224482710028291
63,Christian Senra,@Senra_Chriss,2022-06-28T07:13:03.000Z,"Christian Senra
@Senra_Chriss
Â·
28 jun.","Respondiendo a 
@Recuenco
 @PauMugarra
 y 5 mÃ¡s
GIF
ALT
4",,,,4,[],https://twitter.com/Senra_Chriss/status/1541681065802309632
64,ATREVIA,@Atrevia,2022-07-05T07:37:01.000Z,"ATREVIA
@Atrevia
Â·
5 jul."," Todo preparado en 
@TheBridge_Tech
 para la presentaciÃ³n de la nueva metodologÃ­a de employer branding 5.0 de ATREVIA para ayudar a las empresas a captar #talento.
2
2",ğŸ”´,,2,2,"['https://pbs.twimg.com/media/FW4vXPHXoAAFtRP?format=jpg&name=small', 'https://pbs.twimg.com/media/FW4ugU7WQAEIkMO?format=jpg&name=small']",https://twitter.com/Atrevia/status/1544223809112350723
65,ATREVIA,@Atrevia,2022-07-05T08:07:03.000Z,"ATREVIA
@Atrevia
Â·
5 jul."," ""De aquÃ­ al 2025 se van a crear 400.000 #empleos en el Ã¡mbito #tecnolÃ³gico y para cubrirlos serÃ¡ necesaria una #formaciÃ³n especÃ­fica como el modelo #bootcamp"", asegura Noya FernÃ¡ndez desde 
@TheBridge_Tech
.
2
2",ğŸ“²,,2,2,['https://pbs.twimg.com/media/FW42HIPXEAEH8pk?format=jpg&name=small'],https://twitter.com/Atrevia/status/1544231368896532480
66,The Bridge,@TheBridge_Tech,2022-07-05T14:56:58.000Z,"The Bridge
@TheBridge_Tech
Â·
5 jul.","Â¡Ãšltimos #OpenDay antes de vacaciones!
3 jornadas de puertas abiertas de manera simultÃ¡nea en nuestras sedes. 
Â¡Os esperamos el 13 de julio a las 18h! Entradas 

Madrid https://bit.ly/3ajrTkP
Sevilla https://bit.ly/3yGbxw6
Valencia https://bit.ly/3us9M2V",ğŸ¤— ğŸ» ğŸŸ ğŸŸ ğŸ“ ğŸ“ ğŸ“,,,,['https://pbs.twimg.com/media/FW6TZmqWQAExa1c?format=jpg&name=small'],https://twitter.com/TheBridge_Tech/status/1544334529145573376
67,hayCANAL.com,@haycanal,2022-07-06T08:12:00.000Z,"hayCANAL.com
@haycanal
Â·
6 jul.","#SAVETHEDATE | 
@TheBridge_Tech
 pone en marcha un #bootcamp orientado a formar en dos de las disciplinas que mÃ¡s estÃ¡n creciendo en EspaÃ±a: #Cloud #Computing & #DevOps

12 de septiembre
 Full-time
haycanal.com
The Bridge lanza Bootcamp de Cloud Computing y DevOps
La transformaciÃ³n digital de las empresas va a un ritmo tan frenÃ©tico que requiere que la formaciÃ³n se adapte para dar respuesta a las necesidades que van surgiendo con el objetivo de aportar valor a...
1",ğŸš© â˜ ğŸ“† ğŸ•” â¬‡,,1,,['https://pbs.twimg.com/card_img/1578203459228422144/xBg4N3tB?format=jpg&name=900x900'],https://twitter.com/haycanal/status/1544595001086283778
68,El Referente,@ElReferente,2022-07-07T10:16:04.000Z,"El Referente
@ElReferente
Â·
7 jul.","#Inversiones 
@TheBridge_Tech
 ha cerrado una ronda de 5Mâ‚¬ 

PRINCIPAL INVERSOR
#Atitlan 
elreferente.es
The Bridge cierra una ronda de financiaciÃ³n de 5Mâ‚¬
La plataforma de educaciÃ³n The Bridge cierra una ronda de financiaciÃ³n de 5 millones de euros para acelerar su crecimiento.",ğŸ’° ğŸ’° ğŸ‘€ âœ” â¬‡ â¬‡,,,,['https://pbs.twimg.com/card_img/1577924090899333120/vTbrEaxX?format=jpg&name=small'],https://twitter.com/ElReferente/status/1544988613129261056
69,Emprenemjunts,@emprenemjunts,2022-07-05T17:30:15.000Z,"Emprenemjunts
@emprenemjunts
Â·
5 jul."," @ceeivalencia
 y 
@TheBridge_Tech
, primera aceleradora de talento digital, firman un convenio de colaboraciÃ³n: http://ow.ly/54Up50JM4eM

 Complementar la formaciÃ³n tÃ©cnica del nuevo talento, entre sus principales objetivos.
ceeivalencia.emprenemjunts.es
CEEI Valencia y The Bridge, primera aceleradora de talento digital, firman un convenio de colabor...
Complementar la formaciÃ³n tÃ©cnica del nuevo talento, entre sus principales objetivos Ceei Valencia y The Bridge, empresa de formaciÃ³n de talento y competencias digitales, han firmado un acuerdo marco...",ğŸ¯,,,,['https://pbs.twimg.com/card_img/1577897650615091200/6cqgTHTh?format=jpg&name=small'],https://twitter.com/emprenemjunts/status/1544373102997655552
70,The Bridge,@TheBridge_Tech,2022-07-12T11:22:45.000Z,"The Bridge
@TheBridge_Tech
Â·
12 jul.","Â¡Descubre la experiencia de Dani!  Dani estudiÃ³ una #fp en #desarrolloweb pero tenÃ­a claro que querÃ­a especializarse en #ciberseguridad y realizÃ³ el #bootcamp en 
@TheBridge_Tech
 Â¡Fue complemento perfecto para conseguir un empleo en el sector!
2",â–¶ ğŸ‘¾ ğŸ¯,,2,,['https://pbs.twimg.com/ext_tw_video_thumb/1546787121654030339/pu/img/QK_q9-4SSgnSuBNE.jpg'],https://twitter.com/TheBridge_Tech/status/1546817334882476032
71,The Bridge,@TheBridge_Tech,2022-07-12T11:22:45.000Z,"The Bridge
@TheBridge_Tech
Â·
12 jul.","Â¡Descubre la experiencia de Dani!  Dani estudiÃ³ una #fp en #desarrolloweb pero tenÃ­a claro que querÃ­a especializarse en #ciberseguridad y realizÃ³ el #bootcamp en 
@TheBridge_Tech
 Â¡Fue complemento perfecto para conseguir un empleo en el sector!
1:10
93 reproducciones
2",â–¶ ğŸ‘¾ ğŸ¯,,2,,[],https://twitter.com/TheBridge_Tech/status/1546817334882476032
72,Ines Calabuig,@InesCalabuig2,2022-07-13T13:22:40.000Z,"Ines Calabuig
@InesCalabuig2
Â·
13 jul.","Hoy hemos tenido una sÃºper visita a nuestras oficinas 
@TheBridge_Tech
primera Aceleradora de Talento Digital. 
Hemos podido presentar 
@GoHubVentures
  y compartir nuestros HQ con 26 de sus estudiantes y profesores
Con muchas ganas de seguir colaborando con ellos en el futuro!
3
8",ğŸ‘‰,,3,8,"['https://pbs.twimg.com/media/FXjKBJHXEAInxvg?format=jpg&name=360x360', 'https://pbs.twimg.com/media/FXjKBJNWIAQqBMN?format=jpg&name=360x360', 'https://pbs.twimg.com/media/FXjKBJQWYAE1P6j?format=jpg&name=360x360', 'https://pbs.twimg.com/media/FXjKBJPWAAAp3i5?format=jpg&name=360x360']",https://twitter.com/InesCalabuig2/status/1547209900874506241
73,GoHub Ventures,@GoHubVentures,2022-07-13T14:45:06.000Z,"GoHub Ventures
@GoHubVentures
Â·
13 jul.","Los emprendedores y profesionales digitales del futuro han venido a visitarnos hoy

Los alumnos de 
@TheBridge_Tech
 han visto cÃ³mo trabaja un fondo VC y han mostrado su interÃ©s por conocer quÃ© grandes desafÃ­os resuelven nuestras #startups #deeptech 

Mucho #talento en el Ãgora
1
4",,,1,4,"['https://pbs.twimg.com/media/FXjZfTfWYAAq9Iy?format=jpg&name=360x360', 'https://pbs.twimg.com/media/FXjbQdPXkAEEMO-?format=jpg&name=360x360', 'https://pbs.twimg.com/media/FXjbR94XwAANaXw?format=jpg&name=360x360', 'https://pbs.twimg.com/media/FXjbSySXoAITaJD?format=jpg&name=360x360']",https://twitter.com/GoHubVentures/status/1547230643561664515
74,Daniel Castillo-Secilla,@Cased93,2022-07-14T20:27:25.000Z,"Daniel Castillo-Secilla
@Cased93
Â·
14 jul.","Un placer haber asistido hoy como miembro del tribunal por parte de Fujitsu Data Intelligence al acto de defensa y graduaciÃ³n del Bootcamp de Data Science organizado por  
@TheBridge_Tech
youtube.com
GraduaciÃ³n Sevilla 22.07
1
1",,1,,1,['https://pbs.twimg.com/card_img/1576251645700227076/0F5Ov9gN?format=jpg&name=240x240'],https://twitter.com/Cased93/status/1547679180715806723
75,The Bridge,@TheBridge_Tech,2022-07-14T15:30:20.000Z,"The Bridge
@TheBridge_Tech
Â·
14 jul.","Â¡Empezamos! Sigue el 1Âº #desafiodetripulaciones de #Sevilla 
@ENCamaraSevilla
 EN DIRECTO Â¡No te pierdas el sistema de reconocimiento facial que han creado nuestros chicos de #datascience! 
youtube.com
GraduaciÃ³n Sevilla 22.07
2
1",âš” ğŸ”´ â–¶,,2,1,['https://pbs.twimg.com/card_img/1576251645700227076/0F5Ov9gN?format=jpg&name=240x240'],https://twitter.com/TheBridge_Tech/status/1547604416177442823
76,The Bridge,@TheBridge_Tech,2022-07-15T06:40:47.000Z,"The Bridge
@TheBridge_Tech
Â·
15 jul.","En respuesta a 
@Cased93
Â¡Ha sido un placer tenerte como jurado Daniel!Muchas gracias por asistir y conocer de cerca el trabajo de nuestros alumnos
1
1",â˜º ğŸ“,,1,1,[],https://twitter.com/TheBridge_Tech/status/1547833539306983425
77,Miguel Ãngel Uriondo,@uriondo,2022-07-19T17:47:27.000Z,"Miguel Ãngel Uriondo
@uriondo
Â·
19 jul.","Esto me hace ilusiÃ³n. El jueves a las 19 en 
@TheBridge_Tech
 hablarÃ© de la profesiÃ³n que amo y que ejercÃ­ locamente durante 20 aÃ±os para el Programa superior de emprendimiento en periodismo de 
@JotDownSpain
. Elige Â¿streaming o aire acondicionado?
1
10
17",,1,10,17,['https://pbs.twimg.com/media/FYC_gppXkAALq8w?format=jpg&name=small'],https://twitter.com/uriondo/status/1549450863558762497
78,alfonso vila francÃ©s,@vilafrances,2022-07-21T09:50:04.000Z,"alfonso vila francÃ©s
@vilafrances
Â·
21 jul.","Respondiendo a 
@GuillermoDeHaro
 @JotDownSpain
 y 3 mÃ¡s
SÃ­, yo tampoco quiero ser mal pensado, pero...
2",,,,2,[],https://twitter.com/vilafrances/status/1550055498921148417
79,RaÃºl M.,@Cherendler_bond,2022-07-19T18:07:44.000Z,"RaÃºl M.
@Cherendler_bond
Â·
19 jul.","En respuesta a 
@uriondo
 @TheBridge_Tech
 y 
@JotDownSpain
Justo donde nos hemos formado unos cuantos experiodistas para dejar de serlo :P IntentarÃ© ir!
2",,,,2,[],https://twitter.com/Cherendler_bond/status/1549455964159594496
80,Miguel Ãngel Uriondo,@uriondo,2022-07-21T09:52:25.000Z,"Miguel Ãngel Uriondo
@uriondo
Â·
21 jul.","Respondiendo a 
@GuillermoDeHaro
 @JotDownSpain
 y 2 mÃ¡s
'Mala y ware' parece una colaboraciÃ³n musical entre la Mala RodrÃ­guez y 
@ottoreuss
 2
2",ğŸ˜‚,2,,2,[],https://twitter.com/uriondo/status/1550056091274428419
81,JesÃºs MarÃ­a LÃ³pez de Uribe,@UribeX,2022-07-21T13:20:04.000Z,"JesÃºs MarÃ­a LÃ³pez de Uribe
@UribeX
Â·
21 jul.","Respondiendo a 
@uriondo
 @GuillermoDeHaro
 y 4 mÃ¡s
Â¿CÃ³mo? Â¿CÃ¡pasao?",,,,,[],https://twitter.com/UribeX/status/1550108349924089856
82,Miguel Ãngel Uriondo,@uriondo,2022-07-21T09:54:22.000Z,"Miguel Ãngel Uriondo
@uriondo
Â·
21 jul.","Respondiendo a 
@GuillermoDeHaro
 @JotDownSpain
 y 3 mÃ¡s
Malamente. Riau Riau.
1",,,,1,[],https://twitter.com/uriondo/status/1550056580493762563
83,Jot Down Magazine,@JotDownSpain,2022-07-24T10:10:39.000Z,"Jot Down Magazine
@JotDownSpain
Â·
24 jul.","El prÃ³ximo jueves 28 estaremos em 
@TheBridge_Tech
 con 
@uriondo
 que impartirÃ¡ la masterclass Â«Evita el periodismo: una oda a la profesiÃ³nÂ». La asistencia es gratuita hasta completar aforo. Os esperamos.
jotdown.es
Masterclass con Miguel Ãngel Uriondo - Jot Down Cultural Magazine
El jueves 28 de julio, a las 19:00, en The Bridge, Miguel Ãngel Uriondo @uriondo impartirÃ¡ la primera de las masterclass gratuitas con las que presentamos el
13
15",,,13,15,['https://pbs.twimg.com/card_img/1576714001454604290/SABkfa9O?format=jpg&name=small'],https://twitter.com/JotDownSpain/status/1551147845230764033
84,Jot Down Magazine,@JotDownSpain,2022-07-27T17:55:45.000Z,"Jot Down Magazine
@JotDownSpain
Â·
27 jul.","MaÃ±ana tenemos esto 
https://jotdown.es/2022/07/masterclass-con-miguel-angel-uriondo/â€¦ 
Os esperamos a las 19:00 en 
@TheBridge_Tech
 para hablar de periodismo con 
@uriondo
jotdown.es
Masterclass con Miguel Ãngel Uriondo - Jot Down Cultural Magazine
El jueves 28 de julio, a las 19:00, en The Bridge, Miguel Ãngel Uriondo @uriondo impartirÃ¡ la primera de las masterclass gratuitas con las que presentamos el
8
4",ğŸ‘‡,,8,4,['https://pbs.twimg.com/card_img/1576714001454604290/SABkfa9O?format=jpg&name=small'],https://twitter.com/JotDownSpain/status/1552352053346852864
85,Emprenemjunts,@emprenemjunts,2022-07-27T11:20:10.000Z,"Emprenemjunts
@emprenemjunts
Â·
27 jul."," @ceeivalencia
 y 
@TheBridge_Tech
, primera aceleradora de talento digital, firman un convenio de colaboraciÃ³n: http://ow.ly/54Up50JM4eM

 Complementar la formaciÃ³n tÃ©cnica del nuevo talento, entre sus principales objetivos.
ceeivalencia.emprenemjunts.es
CEEI Valencia y The Bridge, primera aceleradora de talento digital, firman un convenio de colabor...
Complementar la formaciÃ³n tÃ©cnica del nuevo talento, entre sus principales objetivos Ceei Valencia y The Bridge, empresa de formaciÃ³n de talento y competencias digitales, han firmado un acuerdo marco...",ğŸ¯,,,,['https://pbs.twimg.com/card_img/1577897650615091200/6cqgTHTh?format=jpg&name=small'],https://twitter.com/emprenemjunts/status/1552252500979421186
86,Loretogf,@loretogf,2022-07-28T17:04:01.000Z,"Loretogf
@loretogf
Â·
28 jul.","Comienza la masterclass en 
@TheBridge_Tech
 de 
@uriondo
 hablando de cÃ³mo evitar ser #Periodista?!?! En serio?!?! jajaja con lo que mola el curso de 
@JotDownSpain
,  verdad 
@imparsifal
?
2
7
16",,2,7,16,['https://pbs.twimg.com/media/FYxNmTvWAAE6fkv?format=jpg&name=small'],https://twitter.com/loretogf/status/1552701420218056704
87,Zeus,@insidezeusdata,2022-08-01T13:39:03.000Z,"Zeus
@insidezeusdata
Â·
1 ago.","ğ——ğ—²ğ˜€ğ—®ğ—³ğ—¶ğ—¼ ğ—±ğ—² ğ˜ğ—¿ğ—¶ğ—½ğ˜‚ğ—¹ğ—®ğ—°ğ—¶ğ—¼ğ—»ğ—²ğ˜€

Alumnos de desarrollo web full stack y data science de 
@TheBridge_Tech
 y 
@uchceu
 nos visitaron para presentar sus proyectos finales. 

#BootcampExperience #DesarrolloWeb #DataScience #DigitalTalent
4
4",ğŸ’» ğŸ“²,,4,4,['https://pbs.twimg.com/ext_tw_video_thumb/1554098339272134657/pu/img/RC6J5vK1PUNWOan2.jpg'],https://twitter.com/insidezeusdata/status/1554099392977707008
88,Manuel F. Herrador,@manuelfherrador,2022-07-28T18:40:30.000Z,"Manuel F. Herrador
@manuelfherrador
Â·
28 jul.","Respondiendo a 
@loretogf
 @UribeX
 y 4 mÃ¡s
Â¡Pero no va de puentes! :(
1
2",,1,,2,[],https://twitter.com/manuelfherrador/status/1552725704588103680
89,Ãngel L. FernÃ¡ndez,@imparsifal,2022-07-28T17:07:26.000Z,"Ãngel L. FernÃ¡ndez
@imparsifal
Â·
28 jul.","Respondiendo a 
@loretogf
 @TheBridge_Tech
 y 2 mÃ¡s
Y tanto!!
2",,,,2,[],https://twitter.com/imparsifal/status/1552702280704704512
90,JesÃºs MarÃ­a LÃ³pez de Uribe,@UribeX,2022-07-28T18:42:55.000Z,"JesÃºs MarÃ­a LÃ³pez de Uribe
@UribeX
Â·
28 jul.","Respondiendo a 
@manuelfherrador
 @loretogf
 y 4 mÃ¡s
Â¡TÃº dÃ©jales que nos 'puentean' rÃ¡pido!
1",ğŸ™ƒ,,,1,[],https://twitter.com/UribeX/status/1552726310186893313
91,Startup Valencia,@Startup_VLC,2022-08-04T07:07:00.000Z,"Startup Valencia
@Startup_VLC
Â·
4 ago."," Julio supera los 360 millones de euros invertidos en #startups, mientras que 2022 supera ya los 2.384 millones

Entre las rondas cerradas este Ãºltimo mes, encontramos las de nuestros socios 
@TheBridge_Tech
 y 
@LogistikoLabs
 

(vÃ­a 
@ElReferente
 )
elreferente.es
julio supera los 360 millones de euros invertidos en startups
El mes de julio supera los 360 millones de euros invertidos en startups gracias a la ronda de Seedtag, que ha levantado 250 millones de euros.
3
7",ğŸ’° ğŸ‘ ğŸ—,,3,7,['https://pbs.twimg.com/card_img/1577589519855108101/hAIvQs9R?format=jpg&name=small'],https://twitter.com/Startup_VLC/status/1555087891872636928
92,The Bridge,@TheBridge_Tech,2022-08-02T12:34:17.000Z,"The Bridge
@TheBridge_Tech
Â·
2 ago.","Â¡Seguimos creciendo y vamos #FromGoodToGreat! Gracias a todos los que formÃ¡is parte de 
@the
 bridge Â¡Es una suerte contar con tod@s vosotr@s! Sin duda, sois el alma de la fiesta Si os la habÃ©is perdido, pronto habrÃ¡ otra y seguro, mÃ¡s cosas que celebrar
2",ğŸ‘¯ â™‚ ğŸ˜‰,,,2,['https://pbs.twimg.com/ext_tw_video_thumb/1554445011458134016/pu/img/DaGvUSDNOwl5bgJB.jpg'],https://twitter.com/TheBridge_Tech/status/1554445479873810439
93,The Bridge,@TheBridge_Tech,2022-08-05T07:45:17.000Z,"The Bridge
@TheBridge_Tech
Â·
5 ago.","Â¡Empezamos! DÃ­a de #desafÃ­odetripulaciones en Madrid. Mucha suerte a tod@s con vuestros proyectos Â¡Seguro que habÃ©is desarrollado unas webapps increÃ­bles! SÃ­guelo EN DIRECTO
youtube.com
DesafÃ­o de Tripulaciones 05/08/22
Nuestros alumnos se enfrentan al DesafÃ­o de Tripulaciones y nos enseÃ±arÃ¡n sus proyectos finales.
1
3",ğŸ™Œ âš” ğŸ”´,,1,3,['https://pbs.twimg.com/card_img/1576071873821114370/izmA2NFR?format=jpg&name=240x240'],https://twitter.com/TheBridge_Tech/status/1555459915573067776
94,diegodl,@diegodl,2022-08-10T19:49:06.000Z,"diegodl
@diegodl
Â·
10 ago.","Muy buena sensaciÃ³n irse de vacaciones con el trabajo hecho en 
@TheBridge_Tech
 MÃ¡s alumnos, mÃ¡s satisfacciÃ³n, mÃ¡s empleabilidad y ahora revalidamos nuestra posiciÃ³n en 4 rankings de 
@CourseReport
. Y en septiembre mÃ¡s!
Course Report
@CourseReport
Â·
10 ago.
 JUST RELEASED: Our 2022 Best Data Science Bootcamps List! Find out which bootcamps are top rated by graduates, have transparent outcomes, and a large alumni network: https://bit.ly/best-data-science-bootcampsâ€¦
1
2",ğŸ‰,,1,2,"['https://pbs.twimg.com/profile_images/709593667774910464/PbHuMqmg_mini.jpg', 'https://pbs.twimg.com/media/FZ0r4snWQAEIO3U?format=jpg&name=small']",https://twitter.com/diegodl/status/1557454010919043079
95,The Bridge,@TheBridge_Tech,2022-08-10T08:30:14.000Z,"The Bridge
@TheBridge_Tech
Â·
10 ago.","Â¡Estamos de enhorabuena! Lanzamos un nuevo programa de #desarrollowebfullstack con la 
@fundacionuc3
! Muy ilusionados de colaborar con una instituciÃ³n de referencia Â¿Ready para ser #fullstack? Â¡Aprende todos los secretos del #frontend y #backend! MÃ¡s info https://bit.ly/3bMtY9F
2
1",ğŸ‘‰,,2,1,['https://pbs.twimg.com/media/FZySuROXgAExe0N?format=jpg&name=small'],https://twitter.com/TheBridge_Tech/status/1557283166926299137
96,The Bridge,@TheBridge_Tech,2022-08-12T08:36:23.000Z,"The Bridge
@TheBridge_Tech
Â·
12 ago.","Â¡Ya han salido las listas de 
@CourseReport
 2022 y nuestros #bootcamps de #UXUIProductDesign y #DataScience han sido seleccionados entre los mejores del mundo!  Se unen asÃ­ a los programas de #Ciberseguridad y #MarketingDigital Â¡Estamos muy orgullosos!
4
5",ğŸ™Œ â˜º,,4,5,['https://pbs.twimg.com/media/FZ8npFzX0AACZYR?format=jpg&name=small'],https://twitter.com/TheBridge_Tech/status/1558009488678043649
97,Course Report,@CourseReport,2022-08-15T14:30:21.000Z,"Course Report
@CourseReport
Â·
15 ago."," We're rounding up the 27 Best Data Science Bootcamps of 2022, including 
@Springboard
, 
@thinkful
, 
@TheBridge_Tech
, 
@turing_college
, and 
@wbscodingschool
! Check out the full list here: https://bit.ly/best-data-science-bootcampsâ€¦
4
5",ğŸ†,,4,5,['https://pbs.twimg.com/media/FaNXKQUWAAA64tt?format=jpg&name=small'],https://twitter.com/CourseReport/status/1559185732023074816
98,Course Report,@CourseReport,2022-08-15T17:01:02.000Z,"Course Report
@CourseReport
Â·
15 ago."," We're rounding up the 16 Best UI/UX Design Bootcamps of 2022, including 
@Shillington_
, 
@Skillcrush
, 
@Springboard
, 
@TheBridge_Tech
, and 
@thinkful
! 

Check out the full list here: https://bit.ly/best-ux-design-bootcampsâ€¦
6
5",ğŸ†,,6,5,['https://pbs.twimg.com/media/FaN5pdlXkAAT0Nt?format=jpg&name=small'],https://twitter.com/CourseReport/status/1559223651538436098
99,Emprenemjunts,@emprenemjunts,2022-08-19T18:03:02.000Z,"Emprenemjunts
@emprenemjunts
Â·
19 ago."," @ceeivalencia
 y 
@TheBridge_Tech
, primera aceleradora de talento digital, firman un convenio de colaboraciÃ³n: http://ow.ly/54Up50JM4eM

 Complementar la formaciÃ³n tÃ©cnica del nuevo talento, entre sus principales objetivos.
ceeivalencia.emprenemjunts.es
CEEI Valencia y The Bridge, primera aceleradora de talento digital, firman un convenio de colabor...
Complementar la formaciÃ³n tÃ©cnica del nuevo talento, entre sus principales objetivos Ceei Valencia y The Bridge, empresa de formaciÃ³n de talento y competencias digitales, han firmado un acuerdo marco...
1",ğŸ¯,,1,,['https://pbs.twimg.com/card_img/1577897650615091200/6cqgTHTh?format=jpg&name=small'],https://twitter.com/emprenemjunts/status/1560688806445174790
100,The Bridge,@TheBridge_Tech,2022-08-26T10:52:56.000Z,"The Bridge
@TheBridge_Tech
Â·
26 ago.","Â¿CÃ³mo es hacer un #bootcamp mientras estudias o trabajas? Nos lo cuenta JosÃ© Miguel, alumno del bootcamp de #desarrollowebfullstack en formato #parttime 

Â¡Echa un vistazo a su experiencia en 
@thebridge
! 

MÃ¡s info sobre el #parttime https://bit.ly/3OXX1pf
1
1",ğŸ’ª ğŸ‘€ ğŸ‘‡,,1,1,['https://pbs.twimg.com/ext_tw_video_thumb/1563116949307006976/pu/img/qbuhR-R-LoLLZlVH.jpg'],https://twitter.com/TheBridge_Tech/status/1563117283601289216
101,ConferenciaCS,@conferenciacs,2022-08-24T13:30:00.000Z,"ConferenciaCS
@conferenciacs
Â·
24 ago.","La 
@uc3m
 se une a 
@TheBridge_Tech
 para potenciar la formaciÃ³n en desarrollo web. 
Ambas entidades ofrecerÃ¡n bootcamps de Full Stak a partir de 2023 en el Campus de Puerta de Toledo

#UniversidadExcelente
innovaspain.com
La Universidad Carlos III se une a The Bridge para potenciar la formaciÃ³n en desarrollo web
Ambas entidades ofrecerÃ¡n bootcamps de Full Stak a partir de 2023 en el Campus de Puerta de Toledo
2
2",,,2,2,['https://pbs.twimg.com/card_img/1577629026914549760/nlbCnohm?format=jpg&name=small'],https://twitter.com/conferenciacs/status/1562432037436489728
102,The Bridge,@TheBridge_Tech,2022-08-23T10:14:19.000Z,"The Bridge
@TheBridge_Tech
Â·
23 ago.","Â¡Ven a nuestro Open Day #Sevilla! AcÃ©rcate a conocer el campus de 
@ENCamaraSevilla
 y todo sobre los bootcamps en #ciber #data y #fullstack Â¿Quieres acelerar tu carrera digital?

Saca ya tu entrada y si quieres vente con un amig@ https://bit.ly/3wqGwdX

Â¡Te esperamos!
eventbrite.es
Open Day: Sevilla
Open Day The Bridge y Escuela de Negocios de la CÃ¡mara de Comercio de Sevilla
1
2",ğŸ™Œ ğŸŸ ğŸ‘‡,,1,2,['https://pbs.twimg.com/card_img/1577564520469479428/HlGybzx1?format=jpg&name=small'],https://twitter.com/TheBridge_Tech/status/1562020403199066112
103,Innovaspain,@Innovaspain,2022-08-24T15:03:32.000Z,"Innovaspain
@Innovaspain
Â·
24 ago.","@TheBridge_Tech
 y la FundaciÃ³n 
@uc3m
 firman un convenio para ofrecer #Bootcamps de #FullStak a partir de 2023 en el Campus de Puerta de Toledo.
innovaspain.com
La Universidad Carlos III se une a The Bridge para potenciar la formaciÃ³n en desarrollo web
Ambas entidades ofrecerÃ¡n bootcamps de Full Stak a partir de 2023 en el Campus de Puerta de Toledo",,,,,['https://pbs.twimg.com/card_img/1577629026914549760/nlbCnohm?format=jpg&name=small'],https://twitter.com/Innovaspain/status/1562455573613817859
104,CÃ¡mara de Comercio de Sevilla,@camaradesevilla,2022-08-31T12:20:04.000Z,"CÃ¡mara de Comercio de Sevilla
@camaradesevilla
Â·
31 ago.","Â¿Quieres impulsar tu perfil profesional en el Ã¡mbito digital?

Â¡Descubre los #bootcamps de 
@ENCamaraSevilla
 y 
@TheBridge_Tech
 y despega en el sector tecnolÃ³gico!

La formaciÃ³n mÃ¡s innovadora en #DesarrolloWeb #FullStack, #DataScience y #Ciberseguridad:
https://en.camaradesevilla.com/evento/10155/
11
13",ğŸ”¥ ğŸš€,,11,13,['https://pbs.twimg.com/media/FbfR6zeXgAIS8I5?format=jpg&name=small'],https://twitter.com/camaradesevilla/status/1564951151124029441
105,The Bridge,@TheBridge_Tech,2022-08-31T10:59:45.000Z,"The Bridge
@TheBridge_Tech
Â·
31 ago.","Â¡Hemos firmado un acuerdo con 
@Fujitsu_ES
 para formar a perfiles en #ciberseguridad! Muy ilusionados con esta alianza para apoyar con formaciÃ³n a una compaÃ±Ã­a tan potente en su crecimiento en materia de seguridad informÃ¡tica

https://bit.ly/3dYsQ3o

#bootcamp #cyber #empleo
1
4",ğŸš€ ğŸ‘‰,,1,4,['https://pbs.twimg.com/media/Fbe_NUhXwAI7v8_?format=jpg&name=small'],https://twitter.com/TheBridge_Tech/status/1564930939586740224
106,The Bridge,@TheBridge_Tech,2022-08-29T08:02:33.000Z,"The Bridge
@TheBridge_Tech
Â·
29 ago.","Hemos salido en 
@sextaNoticias
 como ejemplo de #reskilling gracias a los #bootcamps 

""Apostar por estos procesos de reciclaje a las empresas les cuesta menos y tiene tambiÃ©n menos coste social"",
@ikerarceseco
, CEO 
@TheBridge_Tech
 

Noticia completahttps://bit.ly/3AyjuD0
1
2",ğŸ“º ğŸŸ¢ ğŸ‘‰,,1,2,[],https://twitter.com/TheBridge_Tech/status/1564161569537363968
107,Fujitsu EspaÃ±a,@Fujitsu_ES,2022-09-01T11:00:12.000Z,"Fujitsu EspaÃ±a
@Fujitsu_ES
Â·
1 sept.","Â¿SabÃ­as que la #ciberseguridad es la quinta Ã¡rea de empleo cuya demanda mÃ¡s ha crecido en lo que llevamos de aÃ±o? Para acompaÃ±ar en su formaciÃ³n al talento joven, 
@Fujitsu_ES
 ha firmado una acuerdo con 
@TheBridge_Tech
. 
Te contamos mÃ¡s: https://okt.to/rTQIpo
2
4",,,2,4,['https://pbs.twimg.com/media/FbkKFqkWIAMI-FF?format=jpg&name=small'],https://twitter.com/Fujitsu_ES/status/1565293439373172737
108,Fujitsu EspaÃ±a,@Fujitsu_ES,2022-09-05T11:07:03.000Z,"Fujitsu EspaÃ±a
@Fujitsu_ES
Â·
5 sept.","Fujitsu y 
@TheBridge_Tech
 se unen por el futuro de la #ciberseguridad 
En virtud de esta alianza, formarÃ¡n juntos a los futuros profesionales del Ã¡rea de ciberseguridad de 
@Fujitsu_ES
, organizarÃ¡n actividades formativas, talleres, eventos... 
https://okt.to/Ss8U4P
2",ğŸ›¡,,,2,['https://pbs.twimg.com/media/Fb4yBBMX0AEppu5?format=jpg&name=small'],https://twitter.com/Fujitsu_ES/status/1566744716091265024
109,The Bridge,@TheBridge_Tech,2022-09-05T10:46:27.000Z,"The Bridge
@TheBridge_Tech
Â·
5 sept.","Â¡Open Day #Valencia!Ven con un amig@ a conocer el campus de 
@uchceu
 y los bootcamps en #ciber #data #uxui y #fullstack 

Necesitas un cambio en tu carrera Descubre cÃ³mo puedes formarte en un perfil digital

Lunes 12
18 horas

InscrÃ­bete ya
eventbrite.es
Open Day Valencia: â€œVen a conocer si un bootcamp es lo que estÃ¡s buscandoâ€
Conoce The Bridge y el campus de Valencia.
1
1",ğŸ¤— â“ ğŸ“… â° ğŸŸ ğŸ‘‡,,1,1,['https://pbs.twimg.com/card_img/1576922221267898368/9dTGs-dh?format=jpg&name=small'],https://twitter.com/TheBridge_Tech/status/1566739530413219841
110,RaÃºl Cotrina,@raulcotrina,2022-09-04T10:22:13.000Z,"RaÃºl Cotrina
@raulcotrina
Â·
4 sept.","Nos dais una mano a ampliarlo y tenerlo actualizado? 
@AnaWhitewolf
 @IronhackMAD 
@ISDICoders
 @Ubiqum
 @4GeeksAcademyES
 @hackaboss_
 @KeepCoding_
 @uxerschool
  
@TheBridge_Tech
 @CraftCodeTech
  
@CodeHouseLearn
 @CodenotchMAD
 @NeolandStudio
 
 @Adalab_Digital
 @IEuniversity
 @lemoncoders
3
6",,3,,6,[],https://twitter.com/raulcotrina/status/1566371046185369600
111,CodeHouse Academy,@CodeHouseLearn,2022-09-05T06:01:52.000Z,"CodeHouse Academy
@CodeHouseLearn
Â·
5 sept.","Respondiendo a 
@raulcotrina
 @AnaWhitewolf
 y 13 mÃ¡s
Â¡Eso estÃ¡ hecho! ;)",,,,,[],https://twitter.com/CodeHouseLearn/status/1566667913934868486
112,PyData Madrid,@PyDataMadrid,2022-09-08T10:00:32.000Z,"PyData Madrid
@PyDataMadrid
Â·
8 sept.","Ya estÃ¡ abierto el registro para nuestra reuniÃ³n de septiembre:  Acelerando flujos de datos y modelos de aprendizaje

https://meetup.com/pydata-madrid/events/288281545/â€¦

Contaremos con 
@valerybriz
 y la gente de 
@graphext
. Â¡Nos vemos el jueves 22 de septiembre a las 19:00 en 
@TheBridge_Tech
!
meetup.com
Login to Meetup | Meetup
Find groups that host online or in person events and meet people in your local community who share your interests.
1
7
8",ğŸ”¥,1,7,8,['https://pbs.twimg.com/card_img/1577272864952172545/L0m4PZBi?format=jpg&name=small'],https://twitter.com/PyDataMadrid/status/1567815140455710721
113,The Bridge,@TheBridge_Tech,2022-09-08T08:37:00.000Z,"The Bridge
@TheBridge_Tech
Â·
8 sept.","Si quieres potenciar el espÃ­ritu emprendedor de tus hij@s el nuevo programa de 
@GenyusSchool
 y 
@TheBridge_Tech
 Â¡es tu sitio!

 Un lugar donde aprender desarrollando sus propias ideas y superando retos en equipo.

MÃ¡s info https://bit.ly/3TKZN3Q
1
2",ğŸ˜‰ ğŸ™Œ ğŸ‘‰,,1,2,['https://pbs.twimg.com/media/FcCLvXlXkAEy5K6?format=jpg&name=small'],https://twitter.com/TheBridge_Tech/status/1567794116418838528
114,Fujitsu EspaÃ±a,@Fujitsu_ES,2022-09-08T09:11:02.000Z,"Fujitsu EspaÃ±a
@Fujitsu_ES
Â·
8 sept.",".
@TheBridge_Tech
 y 
@Fujitsu_ES
 se unen para incrementar el mercado de #ciberseguridad en EspaÃ±a, que cuenta con una demanda hoy de 30.000 profesionales. 
LÃ©elo en 
@elEconomistaes
. https://okt.to/Cuq9dE
1",,,,1,['https://pbs.twimg.com/media/FcH0O1YWIAE7V8j?format=jpg&name=small'],https://twitter.com/Fujitsu_ES/status/1567802683360219136
115,Sandra Huerga,@sanhuerga,2022-09-14T13:58:49.000Z,"Sandra Huerga
@sanhuerga
Â·
14 sept.","Hoy he hecho el primer mind map de mi vida entera gracias a 
@TheBridge_Tech
 
DÃ­a 3. Aprendiendo muchisÃ­simo.Â¡Comenzamos! #uxdesign #ui #uxui #mindmap #visualthinking #sketchnote #mentalmap #uxlearning
1
2
5",,1,2,5,['https://pbs.twimg.com/media/FcnuQXlWYAAjDbD?format=jpg&name=small'],https://twitter.com/sanhuerga/status/1570049430807785472
116,The Bridge,@TheBridge_Tech,2022-09-15T10:28:56.000Z,"The Bridge
@TheBridge_Tech
Â·
15 sept.","Â¡Acabamos de firmar un acuerdo con 
@BiohubVLC
! Contribuimos asÃ­ a cubrir la necesidad de profesionales digitales en un sector al alza, el #biotech  que demanda expertos en #datascience, #ciberseguridad y #cloud & #devops

MÃ¡s info https://bit.ly/3xpLwzQ
2
1",ğŸ¤ ğŸ¦¿ ğŸ‘‰,,2,1,['https://pbs.twimg.com/media/FcsDTvaWYAM-OZq?format=jpg&name=small'],https://twitter.com/TheBridge_Tech/status/1570359001090772997
117,Fujitsu EspaÃ±a,@Fujitsu_ES,2022-09-12T16:00:38.000Z,"Fujitsu EspaÃ±a
@Fujitsu_ES
Â·
12 sept.",".
@TheBridge_Tech
 formarÃ¡ a los futuros profesionales en ciberseguridad de 
@Fujitsu_ES
  https://okt.to/IeHBwc
1
4",â–¶,,1,4,['https://pbs.twimg.com/media/Fcd4VrIX0AEgfu_?format=jpg&name=small'],https://twitter.com/Fujitsu_ES/status/1569355311227568130
118,COITCV/AVIT,@COITCV,2022-09-15T07:45:30.000Z,"COITCV/AVIT
@COITCV
Â·
15 sept."," Interesante descuento en formaciÃ³n.

 Desde el COITCV-AVIT hemos firmando un convenio de colaboraciÃ³n con 
@TheBridge_Tech
 gracias al cual nuestros asociados y colegiados disfrutarÃ¡n de un descuento del 25% en el programa Bootcamp de #Ciberseguridad.

https://avit.org/2022/09/14/descuento-en-el-bootcamp-de-ciberseguridad-en-formato-part-time-por-ser-coitcv-avit/â€¦
1",â— â„¹,,,1,[],https://twitter.com/COITCV/status/1570317872567558150
119,The Bridge,@TheBridge_Tech,2022-09-14T11:35:31.000Z,"The Bridge
@TheBridge_Tech
Â·
14 sept.","Si te interesa el mundo del dato, python... Â¡Tenemos nuevo evento de #DataScience de la mano de 
@PyDataMadrid
! Contaremos con 
@valerybriz
 y 
@graphext
Jueves 22 de septiembre
19h 

Â¡No te lo pierdas!
https://meetup.com/pydata-madrid/events/288281545/â€¦

#data #cienciadedatos #python
meetup.com
Login to Meetup | Meetup
Find groups that host online or in person events and meet people in your local community who share your interests.
4
3",ğŸ“… â° ğŸ‘‡,,4,3,['https://pbs.twimg.com/card_img/1577272864952172545/L0m4PZBi?format=jpg&name=small'],https://twitter.com/TheBridge_Tech/status/1570013370434322438
120,The Bridge,@TheBridge_Tech,2022-09-12T12:02:17.000Z,"The Bridge
@TheBridge_Tech
Â·
12 sept.","MaÃ±ana a las 18.30h tenemos otra de las sesiones sobre ""Emotional Wellness"" , esta vez 
@Mariagutim
 de 
@Hiwook_Jobs
 nos hablarÃ¡ del sÃ­ndrome del impostor Â¿Te lo vas a perder? Saca tu entrada 
eventbrite.es
Inseguridad: sÃ­ndrome del impostor
Â¿Te ha pasado alguna vez? DescÃºbrete a ti mismo y conoce las herramientas para alcanzar el bienestar emocional.
1
2",ğŸŸ,,1,2,['https://pbs.twimg.com/card_img/1577026526515691541/lR8BC1Nl?format=jpg&name=small'],https://twitter.com/TheBridge_Tech/status/1569295332076404738
121,Ana Amaro,@AnaWhitewolf,2022-09-15T14:39:17.000Z,"Ana Amaro
@AnaWhitewolf
Â·
15 sept.","Respondiendo a 
@raulcotrina
 @ISDICoders
 y 13 mÃ¡s
Claro! Faltamos nosotrxs, 
@Open_Bootcamp
 . Ahora te paso la info por DM que no sÃ© si puedo ponerlo a piÃ±Ã³n en el GitHub 
1
3",ğŸº ğŸ˜Š ğŸ¸,1,,3,[],https://twitter.com/AnaWhitewolf/status/1570422003366072320
122,The Bridge,@TheBridge_Tech,2022-09-13T14:28:06.000Z,"The Bridge
@TheBridge_Tech
Â·
13 sept.","Â¡Feliz DÃ­a a todos los programadores y programadoras! 

Que un "";"" o ""<"" no os impidan disfrutar de vuestro dÃ­a y de una profesiÃ³n tan retadora como apasionante 

#felizdiadelprogramador #fullstackwebdevelopment
GIF
2",âš”,,,2,[],https://twitter.com/TheBridge_Tech/status/1569694413332299782
123,LaSeÃ±oenlaRadioTdF,@LaSenioenRadio,2022-09-14T16:47:49.000Z,"LaSeÃ±oenlaRadioTdF
@LaSenioenRadio
Â·
14 sept.","En respuesta a 
@sanhuerga
 y 
@TheBridge_Tech
FantÃ¡stico ",ğŸ‘ ğŸ‘ ğŸ‘,,,,[],https://twitter.com/LaSenioenRadio/status/1570091960911659009
124,RaÃºl Cotrina,@raulcotrina,2022-09-15T17:13:54.000Z,"RaÃºl Cotrina
@raulcotrina
Â·
15 sept.","Respondiendo a 
@AnaWhitewolf
 @ISDICoders
 y 14 mÃ¡s
Si, si, haz un PR 
3",ğŸ˜˜,,,3,[],https://twitter.com/raulcotrina/status/1570460916478611457
125,Biohub VLC,@BiohubVLC,2022-09-16T09:36:34.000Z,"Biohub VLC
@BiohubVLC
Â·
16 sept.","Esta semana la gerente de 
@BiohubVLC
 @sabrinafemenia
 ha  firmado un convenio de colaboraciÃ³n con 
@TheBridge_Tech
 para cubrir la demanda de profesionales #tech en el sector #salud

Consulta toda la informaciÃ³n sobre el acuerdo https://bit.ly/3UiygqT
2",,,,2,['https://pbs.twimg.com/media/FcxGyOlXkAAEin-?format=jpg&name=small'],https://twitter.com/BiohubVLC/status/1570708211866677249
126,COITCV/AVIT,@COITCV,2022-09-16T08:13:09.000Z,"COITCV/AVIT
@COITCV
Â·
16 sept."," Interesante beca formativa.

 Desde el COITCV-AVIT hemos firmando un convenio de colaboraciÃ³n con 
@TheBridge_Tech
 gracias al cual nuestros asociados y colegiados disfrutarÃ¡n de una beca en el programa Bootcamp de #Ciberseguridad.

Toda la info 
https://avit.org/2022/09/14/descuento-en-el-bootcamp-de-ciberseguridad-en-formato-part-time-por-ser-coitcv-avit/â€¦",â— â„¹ ğŸ‘‡,,,,[],https://twitter.com/COITCV/status/1570687218565656577
127,PyData Madrid,@PyDataMadrid,2022-09-18T15:58:05.000Z,"PyData Madrid
@PyDataMadrid
Â·
18 sept.","Hemos llenado el aforo  pero Â¡aÃºn estÃ¡s a tiempo de apuntarte a la lista de espera! Â¡Nos vemos el jueves!
1",âš ,,,1,[],https://twitter.com/PyDataMadrid/status/1571528997971922945
128,graphext,@graphext,2022-09-16T11:59:48.000Z,"graphext
@graphext
Â·
16 sept.","Next week we are collaborating with  
@PyDataMadrid
, 
@IEBigData
, and 
@TheBridge_Tech
  to talk about Accelerating Data Flows and Learning Models 
 Registration link: https://meetup.com/es-ES/pydata-madrid/events/288281545/â€¦
1
2
2",ğŸ ğŸ”¥ ğŸ”¥ ğŸš¨,1,2,2,['https://pbs.twimg.com/media/FcxnTq6X0AAAzu4?format=jpg&name=small'],https://twitter.com/graphext/status/1570744256104628226
129,Pau Mugarra,@PauMugarra,2022-09-23T09:44:36.000Z,"Pau Mugarra
@PauMugarra
Â·
23 sept.","Y seguimos con lo prometido:

Primera quedada de la comunidad #CPS en Madrid :
https://meetup.com/cps-spain/events/288650795?utm_medium=referral&utm_campaign=share-btn_savedevents_share_modal&utm_source=twitterâ€¦
en un espacio cedido por 
@TheBridge_Tech
.
meetup.com
Primera quedada #CPS Madrid, Thu, Oct 13, 2022, 7:00 PM | Meetup
Â¡Primer evento de la comunidad #CPS en Madrid! Con este evento lo que queremos es empezar a darle forma a la comunidad que se estÃ¡ formando alrededor del #CPS (Complex Pro
11
20",ğŸš€,,11,20,['https://pbs.twimg.com/card_img/1578320422902317059/nVOOuy9w?format=jpg&name=small'],https://twitter.com/PauMugarra/status/1573246948693651456
130,The Bridge,@TheBridge_Tech,2022-09-23T07:21:22.000Z,"The Bridge
@TheBridge_Tech
Â·
23 sept.","Ayer pudimos disfrutar del eventazo de 
@PyDataMadrid
 en nuestro palacioConocimos un montÃ³n sobre acelerar flujos de datos y modelos de aprendizaje Â¡
@valerybriz
 y 
@graphext
 gracias por venir!

#datascience #Python
1
5
7",ğŸ™Œ,1,5,7,"['https://pbs.twimg.com/media/FdUq1GpXEAAd73N?format=jpg&name=small', 'https://pbs.twimg.com/media/FdUq1GpWAAAnIYr?format=jpg&name=small']",https://twitter.com/TheBridge_Tech/status/1573210903343992833
131,The Bridge,@TheBridge_Tech,2022-09-22T08:43:14.000Z,"The Bridge
@TheBridge_Tech
Â·
22 sept.","Â¿Buscando un empleo en #DataScience? Asiste a AI Careers, el primer evento en AnalÃ­tica de Datos e Inteligencia Artificial del mundo hispano-hablante.

Â¡Impulsa tu carrera y conecta con empresas y expertos! 
@AI_Network_es
 

30 sep
Entradas https://aicareers.es
2
1",ğŸ“… ğŸŸ,,2,1,['https://pbs.twimg.com/media/FdPzikOX0AAFt1i?format=jpg&name=small'],https://twitter.com/TheBridge_Tech/status/1572869114896568321
132,diegodl,@diegodl,2022-09-22T11:51:48.000Z,"diegodl
@diegodl
Â·
22 sept.","Estamos muy contentos de colaborar desde 
@TheBridge_Tech
 en esta iniciativa de 
@Stemdo_io
 porque tenemos que colaborar entre todos para desarrollar e incrementar la disponibilidad del talento
David Bonilla
@david_bonilla
Â·
22 sept.
Los equipos deportivos tienen canteras para nutrirse de talento sin depender exclusivamente de sacar el talonario. Puede que, con el tiempo, veamos a mÃ¡s y mÃ¡s empresas hacer lo mismo. https://elpais.com/educacion/universidad/2022-09-19/el-reto-de-formar-a-profesionales-en-la-industria-digital-en-zonas-de-alto-paro.htmlâ€¦
2",,,,2,['https://pbs.twimg.com/profile_images/1558693856232849408/4pGry5pc_mini.jpg'],https://twitter.com/diegodl/status/1572916570153979905
133,PyData Madrid,@PyDataMadrid,2022-09-23T08:45:56.000Z,"PyData Madrid
@PyDataMadrid
Â·
23 sept.","En respuesta a 
@TheBridge_Tech
 @valerybriz
 y 
@graphext
Â¡Muchas gracias a 
@TheBridge_Tech
 por alojarnos! 
1",ğŸ”¥,,,1,[],https://twitter.com/PyDataMadrid/status/1573232184454172674
134,The Bridge,@TheBridge_Tech,2022-09-28T10:46:00.000Z,"The Bridge
@TheBridge_Tech
Â·
28 sept.","Â¡Nuevo acuerdo de colaboraciÃ³n con 
@michaelpage_es
! 

Alianza clave en nuestro objetivo de reducir la brecha de competencias digitales y dotar de profesionales tÃ©cnicos a las empresas.

#brechadigital #empleabilidad #digitaltalent
1
4",ğŸ¤,,1,4,['https://pbs.twimg.com/media/FdFH7u6XEAA4bRf?format=jpg&name=small'],https://twitter.com/TheBridge_Tech/status/1575074337761132545
135,Berta Otero,@bertinha84,2022-09-28T20:14:18.000Z,"Berta Otero
@bertinha84
Â·
28 sept.","Hoy por fin ve la luz mi primer Case Study pÃºblico. Un trabajo intensivo de fin de bootcamp realizado con un cliente real 
@emancipaTIC
  y dos semanas para que las 5 verticales en 
@TheBridge_Tech
 hiciÃ©semos realidad un MVP. Os invito a verlo y dar feedback.
https://link.medium.com/P0UQiQkpHtb
3
4",,,3,4,['https://pbs.twimg.com/media/FdxLlU_WAAMBuCl?format=jpg&name=small'],https://twitter.com/bertinha84/status/1575217357105946624
136,The Bridge,@TheBridge_Tech,2022-09-26T07:58:25.000Z,"The Bridge
@TheBridge_Tech
Â·
26 sept.","Â¡Estamos muy orgullosos de formar equipo junto a 
@Stemdo_io
! Participando en la formaciÃ³n de sus futuros empleados con el #bootcamp de #cloud y #devops 

Ayudando a desarrollar el talento y empleo digital en zonas con alta tasa de paro y pocas oportunidades en el sector #STEM.
David Bonilla
@david_bonilla
Â·
22 sept.
Los equipos deportivos tienen canteras para nutrirse de talento sin depender exclusivamente de sacar el talonario. Puede que, con el tiempo, veamos a mÃ¡s y mÃ¡s empresas hacer lo mismo. https://elpais.com/educacion/universidad/2022-09-19/el-reto-de-formar-a-profesionales-en-la-industria-digital-en-zonas-de-alto-paro.htmlâ€¦
2
3",,,2,3,['https://pbs.twimg.com/profile_images/1558693856232849408/4pGry5pc_mini.jpg'],https://twitter.com/TheBridge_Tech/status/1574307391029579777
137,Apiux TecnologÃ­a,@Apiuxtecnologia,2022-09-27T19:51:59.000Z,"Apiux TecnologÃ­a
@Apiuxtecnologia
Â·
27 sept.","Â¿Eres o quieres ser talento IT y estÃ¡s en EspaÃ±a?  Si la respuesta es sÃ­, te contamos que tenemos alianzas con 
@IDBootcamps
 y 
@TheBridge_Tech
Estamos felices abrir nuestras puertas para que estudiantes de nuestros partners se conviertan en futuros Yellowers 
1
1
2",ğŸ’» ğŸ¥³,1,1,2,[],https://twitter.com/Apiuxtecnologia/status/1574849353172373504
